INSERT INTO Miejscowosci VALUES('GDAŃSK', 'GDAŃSKI', 'POMORSKIE');
INSERT INTO Miejscowosci VALUES('BYDGOSZCZ', 'BYDGOSZCZ', 'KUJAWSKO-POMORSKIE');
INSERT INTO Miejscowosci VALUES('TORUŃ', 'TORUŃ', 'KUJAWSKO-POMORSKIE');
INSERT INTO Miejscowosci VALUES('BIAŁE BŁOTA', 'BYDGOSKI', 'KUJAWSKO-POMORSKIE');
INSERT INTO Miejscowosci VALUES('TCZEW', 'GDAŃSKI', 'POMORSKIE');
INSERT INTO Miejscowosci VALUES('WARSZAWA', 'WARSZAWA', 'MAZOWIECKIE');
INSERT INTO Miejscowosci VALUES('GDYNIA', 'GDYNIA', 'POMORSKIE');
INSERT INTO Miejscowosci VALUES('SOPOT', 'SOPOT', 'POMORSKIE');
INSERT INTO Miejscowosci VALUES('CHOJNICE', 'CHOJNICE', 'POMORSKIE');
INSERT INTO Miejscowosci VALUES('RUMIA', 'GDYŃSKI', 'POMORSKIE');
INSERT INTO Miejscowosci VALUES('PRUSZKÓW', 'WARSZAWSKI', 'MAZOWIECKIE');
INSERT INTO Miejscowosci VALUES('KRAKÓW', 'KRAKÓW', 'MAŁOPOLSKA');
INSERT INTO Miejscowosci VALUES('ZAKOPANE', 'TATRZAŃSKI', 'MAŁOPOLSKA');
INSERT INTO Miejscowosci VALUES('POZNAŃ', 'POZNAŃ', 'WIELKOPOLSKA');

INSERT INTO Komisariaty VALUES('Wrzeszcz',1);
INSERT INTO Komisariaty VALUES('Oliwa',1);
INSERT INTO Komisariaty VALUES('Śródmieście',1);
INSERT INTO Komisariaty VALUES('Błonie',2);
INSERT INTO Komisariaty VALUES('Śródmieście',3);
INSERT INTO Komisariaty VALUES('Barycka',4);
INSERT INTO Komisariaty VALUES('Główny',5);
INSERT INTO Komisariaty VALUES('Mokotów',6);
INSERT INTO Komisariaty VALUES('Praga Północ',6);
INSERT INTO Komisariaty VALUES('Redłowo',7);
INSERT INTO Komisariaty VALUES('Śródmieście',7);
INSERT INTO Komisariaty VALUES('Komenda miejska',8);
INSERT INTO Komisariaty VALUES('Komenda Powiatowa',9);
INSERT INTO Komisariaty VALUES('Komenda Powiatowa',10);
INSERT INTO Komisariaty VALUES('Komenda Stołeczna Policji',11);
INSERT INTO Komisariaty VALUES('Komenda Wojewódzka',12);
INSERT INTO Komisariaty VALUES('Komenda Powiatowa',13);
INSERT INTO Komisariaty VALUES('Komenda Miejska',14);

INSERT INTO Policjanci VALUES('75111111221', 'Kamil', 'Grzybowski');
INSERT INTO Policjanci VALUES('75111111222', 'Pawciu', 'Makowiec');
INSERT INTO Policjanci VALUES('75111111223', 'Damian', 'Strojeczny');
INSERT INTO Policjanci VALUES('75111111224', 'Marek', 'Elabuk');
INSERT INTO Policjanci VALUES('75111111225', 'Marek', 'Szwagrowy');
INSERT INTO Policjanci VALUES('75111111226', 'Piotr', 'Jóźwiak');
INSERT INTO Policjanci VALUES('75111111227', 'Aaron', 'Kobas');
INSERT INTO Policjanci VALUES('75111111228', 'Scooby', 'Doo');
INSERT INTO Policjanci VALUES('75111111229', 'Radosław', 'Majdanek');
INSERT INTO Policjanci VALUES('75111111230', 'Magdalena', 'Gessler');
INSERT INTO Policjanci VALUES('75111111231', 'Jarosław', 'Ciastek');
INSERT INTO Policjanci VALUES('75111111232', 'Andrzej', 'Dożynkowy');
INSERT INTO Policjanci VALUES('75111111233', 'Dorota', 'Wellman');
INSERT INTO Policjanci VALUES('75111111234', 'Piotr', 'Wąsik-Loczasty');
INSERT INTO Policjanci VALUES('75111111235', 'Arystoteles', 'Pitagoras');
INSERT INTO Policjanci VALUES('75111111236', 'Leonidas', 'Pagórski');
INSERT INTO Policjanci VALUES('75111111237', 'Julia', 'Wera');









INSERT INTO Kontrakty(nr_umowy, data_zawarcia_umowy,zawarty_przez, zawarty_z) VALUES('85/12005','2021-12-12',1,'75111111221');
INSERT INTO Kontrakty(nr_umowy, data_zawarcia_umowy,zawarty_przez, zawarty_z) VALUES('85/12006','2019-12-06',2,'75111111222');
INSERT INTO Kontrakty(nr_umowy, data_zawarcia_umowy,zawarty_przez, zawarty_z) VALUES('85/12007','2011-01-01',3,'75111111223');
INSERT INTO Kontrakty(nr_umowy, data_zawarcia_umowy,zawarty_przez, zawarty_z) VALUES('85/12008','2001-02-23',1,'75111111224');
INSERT INTO Kontrakty(nr_umowy, data_zawarcia_umowy,zawarty_przez, zawarty_z) VALUES('85/12009','1999-05-28',2,'75111111225');
INSERT INTO Kontrakty(nr_umowy, data_zawarcia_umowy, stanowisko, zawarty_przez, zawarty_z) VALUES('85/12010','2001-03-15','komendant', 3,'75111111226');
INSERT INTO Kontrakty(nr_umowy, data_zawarcia_umowy, stanowisko, zawarty_przez, zawarty_z) VALUES('85/12011','2004-01-15','komendant', 1,'75111111227');
INSERT INTO Kontrakty(nr_umowy, data_zawarcia_umowy, stanowisko, zawarty_przez, zawarty_z) VALUES('85/12012','2009-07-15','komendant', 2,'75111111228');
INSERT INTO Kontrakty(nr_umowy, data_zawarcia_umowy, data_rozwiazania_umowy, zawarty_przez, zawarty_z) VALUES('85/12013','2001-12-12','2021-11-12',1,'75111111221');
INSERT INTO Kontrakty(nr_umowy, data_zawarcia_umowy,data_rozwiazania_umowy, zawarty_przez, zawarty_z) VALUES('85/12014','2008-12-12','2019-11-06',2,'75111111222');
INSERT INTO Kontrakty(nr_umowy, data_zawarcia_umowy,data_rozwiazania_umowy, zawarty_przez, zawarty_z) VALUES('85/12015','2009-10-23','2010-01-01',3,'75111111223');
INSERT INTO Kontrakty(nr_umowy, data_zawarcia_umowy, stanowisko, zawarty_przez, zawarty_z) VALUES('86/12012','2002-07-05','detektyw', 4,'75111111229');
INSERT INTO Kontrakty(nr_umowy, data_zawarcia_umowy, stanowisko, zawarty_przez, zawarty_z) VALUES('86/12013','2003-04-13','komendant', 5,'75111111230');
INSERT INTO Kontrakty(nr_umowy, data_zawarcia_umowy, stanowisko, zawarty_przez, zawarty_z) VALUES('86/12014','2005-08-01','komendant', 6,'75111111231');
INSERT INTO Kontrakty(nr_umowy, data_zawarcia_umowy, stanowisko, zawarty_przez, zawarty_z) VALUES('86/12015','2007-01-12','drogówka', 8,'75111111232');
INSERT INTO Kontrakty(nr_umowy, data_zawarcia_umowy, stanowisko, zawarty_przez, zawarty_z) VALUES('86/12016','2007-01-12','drogówka', 9,'75111111233');
INSERT INTO Kontrakty(nr_umowy, data_zawarcia_umowy, stanowisko, zawarty_przez, zawarty_z) VALUES('86/12017','2007-01-12','detektyw', 10,'75111111234');
INSERT INTO Kontrakty(nr_umowy, data_zawarcia_umowy, stanowisko, zawarty_przez, zawarty_z) VALUES('86/12018','2007-01-12','drogówka', 11,'75111111235');
INSERT INTO Kontrakty(nr_umowy, data_zawarcia_umowy, stanowisko, zawarty_przez, zawarty_z) VALUES('86/12019','2007-01-12','kryminalny', 12,'75111111236');
INSERT INTO Kontrakty(nr_umowy, data_zawarcia_umowy, stanowisko, zawarty_przez, zawarty_z) VALUES('86/12020','2007-01-12','informatyk', 13,'75111111237');

INSERT INTO Notowani VALUES('85111111221', 'Sławomir', 'Weruch','2000-01-12');
INSERT INTO Notowani VALUES('85111111222', 'Dorota', 'Strażak','1990-01-12');
INSERT INTO Notowani VALUES('85111111223', 'Ryszard', 'Żarówa','1992-01-12');
INSERT INTO Notowani VALUES('85111111224', 'Marek', 'Kondrad','1982-01-12');
INSERT INTO Notowani VALUES('85111111225', 'Marek', 'Anioł','1954-01-12');
INSERT INTO Notowani VALUES('85111111226', 'Damian', 'Jóźwiak','1975-01-12');
INSERT INTO Notowani VALUES('85111111227', 'Tommy Lee', 'Jones','1997-01-12');
INSERT INTO Notowani VALUES('85111111228', 'Vito', 'Corleone','1947-01-12');
INSERT INTO Notowani VALUES('85111111229', 'Władimir', 'Władimirowicz','1964-01-12');
INSERT INTO Notowani VALUES('85111111230', 'Łukasz', 'Aleksandr','1955-01-12');
INSERT INTO Notowani VALUES('85111111231', 'Jarosław', 'Gęś','1980-01-12');
INSERT INTO Notowani VALUES('85111111232', 'Donald', 'Kaczor','1976-01-12');
INSERT INTO Notowani VALUES('85111111233', 'Dorota', 'Badman','1965-01-12');
INSERT INTO Notowani VALUES('85111111234', 'Piotr', 'Parker','1990-01-12');
INSERT INTO Notowani VALUES('85111111235', 'Juliusz', 'Cezar','1945-01-12');
INSERT INTO Notowani VALUES('85111111236', 'Kserkses', 'Januszek','1969-01-12');
INSERT INTO Notowani VALUES('85111111237', 'Wera', 'Matczak','1999-01-12');


INSERT INTO Przestepstwa VALUES('Mordestwo', 15,25);
INSERT INTO Przestepstwa VALUES('Kradzież mienia powyżej 500zł',1,5);
INSERT INTO Przestepstwa VALUES('Pobicie', 1,3);
INSERT INTO Przestepstwa VALUES('Nieumyślne spowodowanie śmierci', 1,5);
INSERT INTO Przestepstwa VALUES('Handel narkotykami', 1,10);
INSERT INTO Przestepstwa VALUES('Handel bronią', 1,10);
INSERT INTO Przestepstwa VALUES('Zabójstwo w afekcie', 1,10);
INSERT INTO Przestepstwa VALUES('Udział w zorganizowanej grupie przestępczej', 1,5);
INSERT INTO Przestepstwa VALUES('Potrącenie', 1,2);
INSERT INTO Przestepstwa VALUES('Potrącenie ze skutkiem śmiertelnym', 1,8);
INSERT INTO Przestepstwa VALUES('Napad z bronia w reku', 3,5);

INSERT INTO Zgloszenia VALUES('2011-08-05', '80111111237','797-197-535','75111111229');
INSERT INTO Dowody VALUES('Zakrwawiony nóż', 'Mieszkanie żony ofiary', '2011-08-06', '75111111229', 1);
INSERT INTO W_sprawie VALUES(1,'Mordestwo');
INSERT INTO Aresztowania VALUES('2011-08-07',1,'Tak, to ja go zabiłam. Nienawidzę go. Koniec.', '75111111229',1,'85111111222');
INSERT INTO Aresztowania VALUES('2011-08-06',0,'Jestem sąsiadem. Mieliśmy na pieńku, ale w życiu bym tego nie zrobił, z resztą słyszałem awanturę ze swojego mieszkania', '75111111229',1,'85111111222');

INSERT INTO Zgloszenia VALUES('2012-08-05', '90111111237','598-897-533','75111111221');
INSERT INTO Dowody VALUES('Zabezpieczony monitoring', 'Sklep RTV', '2012-08-06', '75111111221', 2);
INSERT INTO Dowody VALUES('Zeznanie ochroniarza', 'Sklep RTV', '2012-08-06', '75111111221', 2);
INSERT INTO W_sprawie VALUES(2,'Kradzież mienia powyżej 500zł');
INSERT INTO Aresztowania VALUES('2012-08-06',1,'Muszę jakoś zarobić na życie, ukradłem żeby później sprzedać.', '75111111221',2,'85111111221');

INSERT INTO Zgloszenia VALUES('2015-08-05', '10111111237','590-597-532','75111111223');
INSERT INTO Dowody VALUES('Zabezpieczony monitoring', 'Mechaniczna pomarańcza', '2015-08-06', '75111111221', 3);
INSERT INTO Dowody VALUES('Raport z obdukcji', 'Szpital Miejski Gdańsk', '2015-08-06', '75111111223', 3);
INSERT INTO W_sprawie VALUES(3,'Pobicie');
INSERT INTO W_sprawie VALUES(3,'Nieumyślne spowodowanie śmierci');
INSERT INTO Aresztowania VALUES('2015-08-07',0,'To nie ja! Ja nie umiem się bić!. Poza tym byłem z dziewczyną, a przy niej jestem potulny jak baranek. Oskarżacie niewinnego człowieka. Proszę wypuśccie mnie, chcę do mamy.', '75111111221',3,'85111111234');
INSERT INTO Aresztowania VALUES('2015-08-08',0,'Mnie tam nawet wtedy nie było.', '75111111221',3,'85111111231');
INSERT INTO Aresztowania VALUES('2015-08-09',0,'Nie znam ofiary, ale może mu się należało.', '75111111221',3,'85111111227');

INSERT INTO Zgloszenia VALUES('2012-08-21', '20111111237','576-297-524','75111111224');
INSERT INTO Dowody VALUES('Przechwycona tona kokainy w kontenerowcu z Kolumbi', 'Gdynia', '2012-08-21', '75111111224', 4);
INSERT INTO Dowody VALUES('Zeznanie tajnego agenta', 'Gdynia', '2012-08-21', '75111111224', 4);
INSERT INTO Dowody VALUES('Zeznanie strażnika granicznego', 'Gdynia', '2012-08-21', '75111111224', 4);
INSERT INTO W_sprawie VALUES(4,'Handel narkotykami');
INSERT INTO W_sprawie VALUES(4,'Udział w zorganizowanej grupie przestępczej');

INSERT INTO Zgloszenia VALUES('2012-08-30', '30111111237','793-327-515','75111111226');
INSERT INTO Dowody VALUES('Seria napadów na sklepiki na Wrzeszczu', 'Gdańsk', '2012-08-30', '75111111226', 5);
INSERT INTO W_sprawie VALUES(5,'Udział w zorganizowanej grupie przestępczej');
INSERT INTO W_sprawie VALUES(5,'Napad z bronia w reku');

INSERT INTO Zgloszenia VALUES('2012-08-30', '40111111237','694-757-216','75111111228');
INSERT INTO Dowody VALUES('Rozbita butelka w mieszkaniu ofiary', 'Gdańsk', '2013-09-30', '75111111225', 6);
INSERT INTO W_sprawie VALUES(6,'Zabójstwo w afekcie');
INSERT INTO Aresztowania VALUES('2015-08-09',1,'Znęcał się nade mną i dzieckiem. Musiałam zrobić co konieczne. Pod wpływem impulsu rzuciłam się na niego.', '75111111225',6,'85111111236');

INSERT INTO Zgloszenia VALUES('2013-08-12', '50111111237','696-727-237','75111111231');
INSERT INTO Dowody VALUES('Zeznanie byłego członka wiejskiego gangu', 'Białe Błota', '2013-09-30', '75111111231',7);
INSERT INTO Dowody VALUES('Zeznanie białobłockiego sklepikarza', 'Białe Błota', '2013-09-30', '75111111231',7);
INSERT INTO Dowody VALUES('Podziurawione auto pozostawione w lesie', 'Murowaniec', '2013-10-01', '75111111231',7);
INSERT INTO W_sprawie VALUES(7,'Udział w zorganizowanej grupie przestępczej');
INSERT INTO W_sprawie VALUES(7,'Napad z bronia w reku');
INSERT INTO Aresztowania VALUES('2013-10-15',1,'Z pałami nie gadam.', '75111111231',7,'85111111228');
INSERT INTO Aresztowania VALUES('2013-10-31',1,'Z pałami nie gadam.', '75111111231',7,'85111111229');
INSERT INTO Aresztowania VALUES('2013-10-12',1,'Z pałami nie gadam.', '75111111231',7,'85111111230');
INSERT INTO Odznaczenia Values('Destruktor Szajek i zorganizowanych rzezimieszków', 6,8); 
INSERT INTO Odznaczenia Values('Destruktor Szajek i zorganizowanych rzezimieszków', 6, 9); 
INSERT INTO Odznaczenia Values('Destruktor Szajek i zorganizowanych rzezimieszków', 6, 10); 

INSERT INTO Zgloszenia VALUES('2015-08-16', '70111111237','898-737-568','75111111232');
INSERT INTO Dowody VALUES('Uszkodzony samochód ze zbitą lampą', 'Warszawa Mokotów', '2015-08-26', '75111111232', 8);
INSERT INTO W_sprawie VALUES(8,'Potrącenie');
INSERT INTO Aresztowania VALUES('2015-08-27',1,'Jechałem szybko bo dziecko mi się rodziło.', '75111111225',8,'85111111236');

INSERT INTO Zgloszenia VALUES('2016-08-16', '78111111237','818-737-568','75111111232');
INSERT INTO Dowody VALUES('Zdjęcie z fotoradaru, w okolicy miejsca zdarzenia o godzinie zbliżonej do zdarzenia', 'Warszawa Południe', '2016-08-28', '75111111232', 9);
INSERT INTO W_sprawie VALUES(9,'Potrącenie ze skutkiem śmiertelnym');
INSERT INTO Aresztowania VALUES('2016-08-28',0,'Mam podobny samochód, ale z karbonem na dachu, więc jest to inny egzemplarz niż na monitoringu.', '75111111232',9,'85111111225');
